customer_id,name,email,signup_date,location
1,David Pittman,ipearson@example.net,2023-11-07,FL
2,Susan Harding,tammy87@example.com,2020-08-02,FL
3,Madison Turner,april09@example.net,2021-05-26,NJ
4,Ryan Reilly,davidbrown@example.com,2024-10-05,MA
5,Andrea Diaz DDS,williamflores@example.com,2020-10-24,FL
6,Kristen Price,suarezmichael@example.net,2023-06-19,PA
7,Becky Hernandez,mortonaaron@example.com,2024-10-22,GA
8,Sean Rhodes,eellis@example.com,2021-05-05,MA
9,Rachel Parker,smithnoah@example.com,2024-01-06,TX
10,Dana Giles,ssharp@example.org,2019-12-11,FL
11,Karen Vazquez,steven68@example.com,2023-03-18,NY
12,Marcus Todd,zsmith@example.com,2021-03-20,NC
13,Tyler Herman,christy49@example.org,2021-10-06,NY
14,Jessica Pacheco,karen98@example.org,2022-01-03,CA
15,Alexandria Castillo,melanie19@example.org,2024-04-26,NC
16,Christina Lynch,housekelsey@example.net,2020-09-09,FL
17,Meghan Smith DVM,fjohnson@example.org,2022-09-12,MA
18,Alex Norman,emmacook@example.org,2022-11-20,MA
19,Tracy Fischer,trujillotyler@example.com,2023-03-31,NY
20,Joseph Ball,morgantyler@example.com,2024-04-06,MA
21,Bradley Harris,jonathanthompson@example.net,2021-04-22,NY
22,John Marshall,danielle30@example.org,2020-02-09,TX
23,George Ward,john90@example.com,2019-03-15,CA
24,Laura Bernard,jeffrey04@example.org,2022-10-27,WA
25,Haley Wilson,deannahuber@example.com,2022-05-08,GA
26,Amanda Young,zacharyclarke@example.com,2021-01-17,NY
27,Angela Hanson,kimberlymarks@example.com,2024-03-29,TX
28,James Collins,qyoung@example.net,2021-06-01,MA
29,Jill Ross,woodscott@example.com,2022-03-22,MA
30,Ashley Lopez,thomas26@example.org,2020-11-09,AZ
31,Chad Boyd,samanthacarroll@example.org,2021-01-04,MA
32,Stephanie Schmidt MD,gibbsvirginia@example.com,2022-05-21,MA
33,Emily Fernandez,dcampbell@example.net,2020-10-17,PA
34,Adrian Jackson,aturner@example.com,2021-01-03,IL
35,Chloe Cole,johnathanhamilton@example.net,2021-08-02,MA
36,Bryan Johnson,john49@example.net,2022-02-12,MA
37,Deborah Johnson,whitezachary@example.org,2021-10-17,MA
38,Donna Holloway,luke16@example.net,2019-04-07,MA
39,David Sanchez,larsonamanda@example.com,2024-08-27,MA
40,Jerry Turner,ryan52@example.com,2024-09-14,NY
41,Bonnie Thompson,michael44@example.com,2020-03-26,MA
42,Emily Vargas,perryjessica@example.com,2024-09-01,CA
43,Tanya Sandoval,oallen@example.com,2020-07-22,MA
44,Joseph Gonzalez,awolf@example.net,2024-01-15,MA
45,Brooke Dunn,tammy57@example.net,2024-05-19,MA
46,Donald Moran,rodriguezcasey@example.org,2021-12-13,VA
47,Krista Ross,wongcheryl@example.net,2020-06-16,IL
48,Teresa Oliver,zjames@example.net,2019-02-27,NY
49,Jerry Davis,reneeschwartz@example.com,2022-02-08,MA
50,Erica Guerra,zacharywong@example.org,2021-06-15,MA
51,Christina Morris,tashaanderson@example.org,2020-10-02,MA
52,James Ellis,wattsmichael@example.com,2020-10-11,MA
53,April Gonzalez,eric43@example.org,2021-11-15,MA
54,Marilyn Jenkins PhD,montoyaangelica@example.net,2019-12-02,MA
55,Joshua Morgan,nicholas53@example.net,2019-10-29,MA
56,Jamie Garcia,amy08@example.org,2019-12-20,MA
57,Dr. William Sanders,mpark@example.com,2023-11-01,TX
58,Miranda Huerta,xmoore@example.org,2024-01-25,NY
59,Gina Gray,david45@example.com,2020-06-28,CA
60,Nicole Escobar,fosterzachary@example.org,2020-10-01,MA
61,Kelly Avila,melissablack@example.net,2020-11-26,NY
62,Nicole Baxter,laurakaufman@example.org,2021-05-14,IL
63,Kevin Reed,christinemacdonald@example.com,2024-06-29,CA
64,Vanessa Hebert,maryjones@example.org,2019-01-20,MA
65,Jessica Flores,campossamantha@example.com,2024-08-14,NY
66,Charles Murillo,tiffany27@example.com,2024-12-17,CA
67,Raymond Curry,janet25@example.org,2024-11-06,NJ
68,Daniel Wiley,garnerchristopher@example.com,2023-01-29,MA
69,Carrie Rivera,mmoore@example.net,2019-10-27,VA
70,Luke Taylor,lstout@example.org,2019-07-03,MA
71,Raymond Marshall,aramos@example.net,2024-04-20,FL
72,Shelia Church,navarrodavid@example.net,2022-02-18,CA
73,Jeffery Campbell,kgonzalez@example.com,2024-10-29,CA
74,Allison Merritt,caroline01@example.net,2023-08-21,PA
75,Christian Jenkins,wramirez@example.org,2021-11-19,TX
76,Taylor Wilson,lopezricardo@example.com,2019-05-31,MA
77,Jack Rodriguez,khays@example.org,2019-11-22,CA
78,Sharon Braun,frankpatterson@example.net,2022-03-11,FL
79,Tricia Moore,cmoss@example.com,2022-03-28,MA
80,Heather Floyd,qallen@example.net,2020-03-24,MA
81,Jennifer Hale,mbrooks@example.org,2020-07-16,NY
82,Sandra Sullivan,jonathan45@example.com,2024-09-09,IL
83,David Larson,karendavis@example.org,2019-09-07,CA
84,Tanner Rasmussen,jmartinez@example.org,2021-05-05,CA
85,Melissa Lambert,fullerlaura@example.net,2024-05-20,NY
86,Eric Aguilar,eklein@example.org,2019-02-08,MA
87,Robert Thompson,bryantstephanie@example.net,2020-06-14,VA
88,Ariel English,zdavis@example.org,2020-01-12,NC
89,Alicia Gonzales,hmorgan@example.org,2022-08-13,NY
90,Anthony Brown,jacob33@example.org,2021-06-13,MA
91,Mr. Steven Gibbs,vanessawalker@example.org,2019-05-08,MA
92,Jeffrey Hernandez,karen06@example.org,2019-02-09,NJ
93,Michele Harmon,katherine95@example.org,2022-05-31,MA
94,Scott Cole,juliecurry@example.org,2021-04-05,MA
95,Samantha Cook,bmelton@example.org,2019-12-18,MA
96,Ashley Clark,amanda83@example.org,2023-11-16,IL
97,Kelly Torres,heather21@example.net,2020-01-24,FL
98,Steven Benton,rodriguezjohn@example.net,2024-12-16,CA
99,Heather Stokes,ddiaz@example.com,2022-05-17,FL
100,Ashley Day,bhill@example.com,2023-10-06,IL
101,Travis Robinson,adam48@example.net,2024-09-17,AZ
102,Lisa Macias,scottsandra@example.net,2023-04-03,WA
103,Russell Jackson,fcarter@example.org,2022-10-29,CA
104,Timothy Turner,tford@example.com,2020-06-15,NJ
105,Jon Martin,friedmanmatthew@example.org,2019-07-25,GA
106,Samantha Lindsey,david44@example.org,2019-01-19,VA
107,Juan Smith,cgardner@example.net,2019-03-21,IL
108,Catherine Marsh,kburnett@example.com,2024-11-26,FL
109,David Adams,amandalee@example.net,2023-08-06,NY
110,Tracy Rush,andrew56@example.com,2022-11-12,WA
111,Nathan Perez,whitecourtney@example.org,2019-08-31,FL
112,Mitchell Rollins,tcook@example.net,2023-01-20,IL
113,Heather Walker,brownvanessa@example.com,2021-10-28,MA
114,Krystal Ford,zachary46@example.net,2019-06-18,MA
115,Kevin Ponce,hicksdavid@example.org,2023-11-27,MA
116,Luke Jensen,williammatthews@example.com,2021-04-05,NY
117,Randall Hardy,amandamitchell@example.net,2022-02-23,NY
118,Amy Nelson,courtney59@example.com,2021-08-20,MA
119,Dr. Colleen Romero,michellepeterson@example.net,2024-02-16,MA
120,Samantha Lyons,april66@example.org,2020-11-03,NC
121,Melissa Walker,vickiebaker@example.net,2024-03-26,MA
122,Amy Berry,alexander17@example.org,2024-04-23,GA
123,Billy Cannon,glennlandry@example.net,2023-08-11,NJ
124,Timothy Jones,henry89@example.net,2019-11-13,NY
125,Scott Byrd,beth11@example.com,2022-11-13,CO
126,Matthew Campbell,joshua23@example.net,2020-08-18,FL
127,Julie Daniel,smithjason@example.org,2024-07-15,MA
128,Sandra Hall,james68@example.net,2023-06-10,NC
129,Jose Macias,maryrios@example.org,2021-05-28,CA
130,Joseph Johnson DVM,zimmermancandice@example.net,2021-03-16,PA
131,Andrew Johnson,stephanie17@example.net,2024-08-03,WA
132,Matthew Hansen,ryanboyle@example.org,2024-02-24,MA
133,Alexis Davis,martinezcrystal@example.net,2024-07-10,MA
134,Michaela Kennedy MD,willie91@example.org,2024-04-15,MA
135,John Lopez,murphypeter@example.org,2020-02-09,IL
136,Frank Robertson,andrewhernandez@example.org,2019-09-09,IL
137,Margaret Schroeder,kimberlywilson@example.com,2020-09-10,MA
138,Bailey Jones,carlabarnes@example.org,2023-11-20,MA
139,Don Cohen,bgraham@example.com,2023-05-21,CA
140,Tracy Caldwell,cartersteve@example.com,2024-05-17,WA
141,William Cook,adamsryan@example.com,2022-08-13,IL
142,Travis Fields,ogarcia@example.com,2021-04-10,VA
143,Stephanie Marshall,caldwelljeffrey@example.org,2020-02-09,AZ
144,Steven Colon,moralesandrew@example.com,2024-05-14,NJ
145,Kathryn Rose,kpoole@example.com,2021-07-17,WA
146,Dawn Hinton,arivera@example.net,2023-10-25,MA
147,Gregory Burton,riverakatelyn@example.org,2021-10-02,MA
148,Amanda Lucas,zberry@example.com,2024-12-26,VA
149,Natasha Lopez,vking@example.com,2021-06-13,FL
150,Craig Montgomery MD,travisrubio@example.com,2020-02-11,MA
151,Thomas Watkins,scarpenter@example.com,2020-12-18,MA
152,Ryan Eaton,oclark@example.com,2024-11-10,CA
153,Carlos Manning,pgray@example.net,2020-05-19,MA
154,Alexis Reese,danielshah@example.com,2024-11-20,NY
155,Amy Adams,cguerrero@example.net,2022-09-09,CA
156,Henry Cole,frankvargas@example.org,2023-05-29,MA
157,Steven Hart,trevor62@example.net,2024-11-28,MA
158,Joel Craig,fprice@example.org,2022-07-12,MA
159,Jennifer Chase,kristina51@example.org,2021-07-17,MA
160,Barbara Walker,miranda05@example.org,2024-02-27,MA
161,Shelley Wright,richardmartha@example.net,2019-01-04,CA
162,Peter Floyd,woodarddaniel@example.com,2019-04-15,MA
163,Joseph Harris,hhernandez@example.org,2021-06-13,NJ
164,Don Ritter,william15@example.net,2021-08-20,NY
165,Timothy Davidson,martinjeffrey@example.org,2019-12-22,CA
166,Willie Herrera,bcalderon@example.net,2019-12-06,FL
167,Nichole Sullivan,brownchristopher@example.com,2019-02-14,MA
168,James Castillo,rhonda58@example.org,2020-01-29,MA
169,Teresa Fields,tommy79@example.com,2019-04-12,MA
170,Walter Greer,nrussell@example.org,2023-09-20,CA
171,Jonathan Wright,leesamantha@example.org,2024-06-13,CA
172,Warren Bautista,tonyrogers@example.com,2020-07-20,MA
173,Gabriel Austin,anichols@example.com,2021-02-26,MA
174,Paul Walters,guzmansabrina@example.com,2019-12-06,WA
175,Dennis Walls,alexandra11@example.net,2019-05-10,MA
176,Michael Brown,charles91@example.org,2022-03-28,CA
177,Joseph Morales,fcarson@example.org,2023-04-21,CA
178,Patrick Santana,djones@example.net,2024-08-10,CA
179,Tracy Wells,chandlervirginia@example.com,2023-11-21,IL
180,Sarah Gibson,welchamanda@example.net,2024-06-02,MA
181,Aaron Mejia,thomasjesus@example.org,2020-05-29,MA
182,Cody Miller,zmacdonald@example.net,2020-06-30,MA
183,Angela Ward,nathanielperez@example.net,2019-04-09,AZ
184,Latoya Schmidt,jennifer42@example.com,2022-01-08,MA
185,John Branch,rickchan@example.org,2019-02-27,MA
186,Dr. Deborah Sanchez MD,ostrong@example.org,2024-10-31,AZ
187,Mr. Christopher Curtis Jr.,jwillis@example.org,2019-01-30,FL
188,Tammy Vaughn DDS,hartjoshua@example.com,2023-11-15,NC
189,Kerry Smith,melissajackson@example.com,2021-11-14,MA
190,Erika Singh,lisabryant@example.net,2019-07-05,NJ
191,Tina Mcbride,danielle52@example.com,2021-01-10,MA
192,Robert Thomas,michael63@example.org,2021-04-12,MA
193,Joshua Harris,juliehanson@example.net,2019-08-21,NJ
194,Anne Johnson,philipbyrd@example.org,2021-11-01,NY
195,Lori Reed,rebecca34@example.net,2020-10-23,IL
196,Donna Jimenez,diazanna@example.net,2020-09-11,MA
197,Whitney Adkins,robinsonalexis@example.com,2019-07-30,VA
198,James Douglas,rgarcia@example.com,2021-07-02,MA
199,Mark West,garrett56@example.com,2023-05-01,FL
200,Leslie Hobbs,mike25@example.org,2021-10-18,MA
201,Joe Gibson,joshua63@example.org,2023-04-28,MA
202,Joshua Irwin,cmiller@example.net,2024-05-11,PA
203,Juan Clark,jorgeswanson@example.net,2019-08-23,CA
204,Shirley Young,cory68@example.net,2022-08-23,NJ
205,Alex Shannon MD,vanessamcdonald@example.com,2019-08-15,MA
206,Rita Haley,marcus97@example.org,2021-01-03,TX
207,Ana Lee,yolandahess@example.org,2020-11-28,PA
208,Gary Bradford,adean@example.net,2020-11-08,FL
209,Mr. David Watson,elizabeth15@example.org,2021-12-22,MA
210,Mary Ho,kimberlywhitaker@example.org,2020-07-21,FL
211,Emily Black,millernicole@example.com,2019-08-30,NC
212,Joanne Wilson,gregory71@example.net,2023-12-09,NJ
213,Kimberly Ramos,meyerjohnny@example.com,2022-02-19,CA
214,Jodi Williams,brettwright@example.org,2023-11-09,CA
215,Vincent Hopkins,starkcatherine@example.com,2023-07-05,MA
216,Derrick Garcia,cory56@example.net,2022-07-07,IL
217,Denise Rose,wbrown@example.org,2019-09-05,MA
218,Mary Phillips,lbrown@example.org,2023-08-03,MA
219,Hector Morales,ramoskaren@example.org,2021-12-07,MA
220,Michael Davis,lcampbell@example.com,2019-02-13,MA
221,Bryan Pierce,rickykennedy@example.org,2024-11-26,CA
222,Ronnie May MD,kristenbishop@example.com,2019-12-23,CA
223,Jonathan Holt,raygabriela@example.com,2021-11-22,MA
224,Steven Weber,chris52@example.com,2022-01-01,CA
225,Gregory Walls,palmermelissa@example.com,2023-03-28,IL
226,Robert Stewart,garzamargaret@example.org,2023-07-04,MA
227,Kellie King,jason72@example.net,2020-04-24,MA
228,Tina Villarreal,alexis64@example.com,2023-03-15,NY
229,Beth Daugherty,murraychristopher@example.net,2023-05-03,PA
230,Michael Gibson,jeremykaufman@example.org,2024-10-09,GA
231,Jennifer Young,michael07@example.org,2024-07-24,FL
232,Jesse Adams,kristen21@example.com,2021-10-23,MA
233,Christina Beltran,morasydney@example.net,2020-11-19,VA
234,Samuel Carr,harrissean@example.org,2021-06-30,CO
235,Joshua Wong,alexander61@example.org,2022-05-10,PA
236,Adam Kennedy,vsweeney@example.com,2022-12-31,NY
237,Melissa Caldwell,privera@example.net,2019-07-06,MA
238,Sandra Ramos,xnelson@example.org,2024-02-23,FL
239,Taylor Martin,nicholas57@example.com,2023-12-22,NJ
240,Mark Ross,scott88@example.com,2020-03-27,CO
241,Rodney Hall,isnyder@example.org,2022-11-09,NY
242,Jacqueline Hester,bryantlindsay@example.org,2022-12-09,NY
243,Diane Michael,john45@example.net,2021-07-24,MA
244,Derek Edwards,whiteethan@example.org,2023-10-29,NY
245,Shelby Baker,erinmcdonald@example.com,2021-02-20,NY
246,Linda Barber,haroldsullivan@example.com,2022-01-14,MA
247,Derek Thompson,barry06@example.com,2023-11-03,NY
248,Luke Hill,barrybailey@example.net,2023-06-05,GA
249,Brad Price,rlamb@example.com,2022-11-24,MA
250,Brian Powell,amykrueger@example.com,2022-11-18,MA
251,Robert Shelton,kacosta@example.org,2020-12-05,MA
252,Jesus Owens,robert77@example.com,2023-06-29,VA
253,James Fuller,mcguirepam@example.com,2024-12-25,CA
254,Michele Ferguson,shelley31@example.com,2023-02-02,WA
255,Ashley Cook,weeksmichelle@example.org,2020-11-12,GA
256,Michael Barr,brandismith@example.org,2020-11-16,VA
257,Julie Barry,lindseyduncan@example.net,2021-11-14,NJ
258,Gabriel Lopez,smithjoseph@example.net,2022-10-04,MA
259,Peter Patel,kimberly76@example.net,2022-03-11,CA
260,Gary Robinson,emilycarpenter@example.org,2024-05-07,WA
261,Kimberly Gill,craigfrederick@example.net,2021-12-25,MA
262,Randy Villanueva,torresabigail@example.org,2020-01-14,NY
263,Angela Acevedo,nguyendaniel@example.net,2020-04-03,VA
264,Vanessa Lopez,benjamindavis@example.net,2023-10-02,GA
265,Robin Holmes,isilva@example.org,2019-05-07,MA
266,Douglas Garcia,melissamartinez@example.com,2021-02-02,MA
267,Garrett Hunter,sean08@example.net,2020-05-06,MA
268,Samantha Howell,susanhogan@example.org,2024-09-05,CA
269,Jacqueline Stone,natalieleon@example.com,2020-08-13,NY
270,Melissa Duncan,sharonboyd@example.net,2020-10-18,MA
271,Briana Robertson,johnathan16@example.org,2023-03-03,WA
272,Brenda Schneider,vbishop@example.com,2023-05-31,TX
273,James Miller,mcphersondavid@example.net,2020-06-01,FL
274,Anne Clark PhD,zwade@example.org,2020-10-19,NJ
275,Dr. Krista Bennett,tscott@example.com,2024-08-28,CA
276,Terry Schneider,younglori@example.net,2019-11-10,FL
277,Patricia White,jaredmiller@example.com,2021-05-23,MA
278,Judy Newton,april83@example.net,2021-06-14,MA
279,Cathy Romero,hherrera@example.net,2023-09-30,MA
280,Amanda Miles,heathermiller@example.net,2021-11-15,IL
281,Philip Wright,smithtommy@example.com,2019-04-20,PA
282,Dana Rich,heather81@example.com,2023-04-22,MA
283,Troy Oliver,andersonlisa@example.org,2019-10-15,TX
284,Heather Wallace,simmonsrebecca@example.com,2021-08-05,MA
285,Katherine Cruz,ndavis@example.net,2021-08-31,CA
286,Kimberly Robinson,tammy58@example.org,2022-08-01,MA
287,Margaret Ellis,opatel@example.net,2020-02-08,PA
288,Julia Whitaker,millermaurice@example.org,2024-01-27,NY
289,Charles Rich,xmartinez@example.com,2024-02-14,NY
290,Alexis Mitchell,yfaulkner@example.org,2024-04-01,CA
291,David Ross,sharproy@example.com,2022-05-03,MA
292,Daniel Thompson,evansbilly@example.com,2021-12-09,MA
293,Kenneth Chung,dawn21@example.com,2019-06-19,MA
294,Kenneth Diaz,vegaashley@example.com,2020-05-14,MA
295,Diane Price,gilesmichele@example.com,2022-06-05,NY
296,Thomas Gilbert,ucabrera@example.com,2021-10-21,TX
297,Dylan Davis,kcampbell@example.net,2020-09-27,FL
298,Alexander Ballard,adkinsanita@example.net,2023-09-17,MA
299,Caitlin Potts,angelahall@example.net,2022-04-26,CO
300,Frances Matthews,margaretsmith@example.org,2024-12-29,MA
301,Ashley Powell,brandimiller@example.net,2021-01-09,CA
302,Jennifer Obrien,thomas81@example.net,2021-06-25,MA
303,Sarah Hernandez,tuckerashley@example.org,2024-05-21,MA
304,Stephen Brooks,nathan16@example.com,2019-03-29,NC
305,William Miller,twilson@example.net,2019-11-23,TX
306,Thomas Young,tyler16@example.net,2023-07-25,MA
307,Clayton Hinton,mallen@example.org,2022-01-17,MA
308,Sarah Valdez,pholloway@example.net,2022-07-18,NJ
309,Jenna Reynolds,christopherflores@example.net,2024-04-08,CA
310,Jimmy Garza,ssmith@example.com,2023-09-30,MA
311,Steven Bass,rellis@example.net,2021-06-26,MA
312,Kyle Kaiser,hollybowman@example.org,2020-03-20,MA
313,Jeffrey Collins,jasonriley@example.com,2021-12-11,NY
314,Jennifer Tran,stricklandmarissa@example.net,2022-12-22,MA
315,Michael Robinson,gpalmer@example.org,2020-12-28,NY
316,Tiffany King,bowenadrienne@example.com,2021-08-31,MA
317,Dr. Brittney Jackson,mckaykevin@example.com,2021-04-10,NY
318,Alicia Lopez,mariorubio@example.net,2022-10-03,FL
319,Robert Green Jr.,hicksanthony@example.com,2024-09-29,CA
320,Kim Moore,andrewstewart@example.com,2024-01-12,VA
321,Eric Santiago,blackmelanie@example.org,2024-03-06,GA
322,Paul Duke,john89@example.com,2024-02-01,TX
323,Matthew Poole,yduke@example.net,2022-01-06,CA
324,Haley Davis,ngomez@example.net,2024-10-22,MA
325,John Allen,john32@example.com,2022-04-24,FL
326,Jamie Obrien,qmaldonado@example.net,2023-11-07,MA
327,Dawn Curtis,cheryl69@example.net,2019-03-23,MA
328,Steven Rojas,lijohn@example.net,2020-06-29,NY
329,Jerry Howard,xstafford@example.org,2019-05-23,MA
330,Daniel Smith,linda90@example.com,2024-04-18,TX
331,Steven Young,clementsstephen@example.org,2019-02-03,IL
332,Matthew Byrd Jr.,jill54@example.com,2023-10-12,MA
333,Timothy Ali,kathypennington@example.net,2021-07-25,FL
334,Emily Hayes,jacob55@example.com,2022-06-04,MA
335,Kristen Mata,kmiller@example.net,2019-07-31,MA
336,Laura Owen,leslie07@example.com,2024-10-11,IL
337,John Higgins,thomasjoshua@example.com,2019-02-28,NC
338,David Wright,morrisyesenia@example.org,2019-09-22,MA
339,Rebecca Kane,martinjason@example.com,2023-04-03,IL
340,Michael Davis,carlsonjeffery@example.org,2020-12-21,MA
341,Cynthia Yang,staceysullivan@example.net,2023-02-28,NC
342,Hunter Patrick,cflores@example.net,2019-08-16,MA
343,Sarah Schmidt,lebarbara@example.org,2024-06-29,TX
344,Stephen Lawrence,hjackson@example.org,2023-05-15,MA
345,Sally Cunningham,cookelizabeth@example.com,2022-10-08,NY
346,Gregory Martin,phillip65@example.net,2024-04-09,IL
347,Angela Gomez,robertsmichael@example.com,2022-09-04,PA
348,Julie Allen,stephen09@example.net,2024-12-24,NJ
349,Rachel Martinez,mirandasanders@example.net,2020-06-12,NY
350,Evan Nguyen,adamtaylor@example.org,2023-10-18,CA
351,Michael Oliver,fischerwhitney@example.com,2020-08-12,FL
352,Steven Burton,catherine85@example.net,2021-07-26,FL
353,Kayla Morris,amyhouston@example.org,2021-09-24,FL
354,Tracy Davila,tracy63@example.com,2024-06-25,IL
355,Alicia Shah,anthonyoconnor@example.net,2022-08-31,IL
356,Kevin Ruiz,zcole@example.com,2023-04-22,NC
357,Jodi Garcia,gary59@example.net,2021-09-10,FL
358,Stephen Carr,snyderanthony@example.net,2019-04-25,VA
359,Miguel Rogers,nathan65@example.org,2020-10-08,TX
360,Mary Morris,amberochoa@example.org,2019-06-20,MA
361,Amber Garcia,pharris@example.com,2024-02-13,WA
362,Travis Simpson,cowanpaula@example.net,2023-08-04,CA
363,Matthew Hill,rcarr@example.com,2023-10-20,WA
364,Ashley Mayo,briangordon@example.net,2022-06-30,VA
365,Matthew Gray,james87@example.net,2023-09-09,PA
366,Michael Johnson,bruceadam@example.org,2020-01-30,PA
367,Ronald Mckay,dennisgonzalez@example.com,2022-02-18,TX
368,Whitney Nichols,twolfe@example.net,2021-02-08,CA
369,Lindsey Swanson,owilliams@example.com,2022-11-20,MA
370,Wayne Ray,brittneyadams@example.com,2019-10-07,FL
371,Jessica Moran,taramorris@example.com,2020-10-27,VA
372,Dawn Schwartz,jenniferjohnson@example.net,2023-01-19,CA
373,James Simpson,peter46@example.com,2022-09-21,MA
374,Brent Brown,michaelmitchell@example.net,2019-11-15,IL
375,Melinda Mccarthy,spencerlisa@example.org,2023-09-28,GA
376,Yolanda Carlson,stephen41@example.com,2019-03-06,MA
377,Stephen Hahn,ruizscott@example.com,2024-12-17,MA
378,Shannon Bauer,janicebradley@example.org,2019-07-24,MA
379,Christopher Vargas,schultztimothy@example.net,2021-02-13,NY
380,Matthew Mccormick,jenniferalvarez@example.com,2024-10-24,WA
381,Jeff Carr,kellyjoyce@example.org,2023-12-15,MA
382,Shannon Castaneda,zfields@example.net,2022-06-30,NJ
383,Douglas Gilbert,walshdebra@example.net,2019-11-29,MA
384,Aaron Martin,ldouglas@example.org,2024-09-18,MA
385,Alyssa Willis DVM,lauradavila@example.com,2023-06-28,NY
386,Adrienne Dixon,regina32@example.net,2021-01-28,IL
387,Lauren Johnson,mitchelldeleon@example.org,2022-10-24,NY
388,Joshua Brown,aunderwood@example.net,2019-01-27,TX
389,Tina Dean,michaelray@example.com,2023-07-13,CA
390,Mark Bass,barneschristian@example.com,2020-06-15,MA
391,Shelly King,jonestina@example.net,2020-06-06,NY
392,Joshua Lopez,teresa39@example.com,2019-11-07,MA
393,Anna Fletcher,david05@example.org,2021-12-27,MA
394,Linda Walker,travisalvarez@example.org,2019-04-27,MA
395,Patricia Johnston,juan45@example.com,2021-07-27,FL
396,Donna Sanders,davistiffany@example.org,2019-01-14,MA
397,Harold Gillespie,anthonydougherty@example.org,2020-02-21,MA
398,David Clements,ronaldfloyd@example.com,2022-05-11,CO
399,Mark Holmes,carl41@example.org,2021-04-11,FL
400,Ryan Ruiz,rosewanda@example.org,2023-12-04,CA
401,James Davis,stuarthickman@example.org,2021-04-11,IL
402,Tracey Torres,michaelbarnes@example.com,2022-06-08,TX
403,Nicole Price,christopher03@example.com,2021-11-01,NJ
404,Dawn Cox,jtownsend@example.org,2022-10-01,NY
405,Timothy Morgan,patriciaanderson@example.net,2023-09-26,FL
406,Edward Hawkins,mary32@example.net,2019-01-25,MA
407,Joy Knox,marmstrong@example.net,2020-04-26,CA
408,Juan Hawkins,aliciaphillips@example.com,2019-03-30,MA
409,Mr. Kevin Osborne,sjohnson@example.org,2023-03-01,MA
410,Steven Gordon,jacksoncandice@example.org,2020-05-25,MA
411,Jamie Wilson,llane@example.org,2019-04-23,VA
412,Joshua Stevenson,ylee@example.net,2020-09-06,MA
413,Meghan Wells,hterry@example.org,2022-11-02,MA
414,Michael Chambers,glenda34@example.org,2021-10-28,MA
415,Angie Gross,mromero@example.org,2020-02-29,MA
416,Melissa Jackson,gdiaz@example.com,2023-11-23,MA
417,Tamara Smith,nprince@example.net,2023-05-23,GA
418,Robert Hernandez,xshaffer@example.com,2019-12-06,NY
419,Drew Ferguson,johnny32@example.org,2020-03-03,MA
420,Nicole Abbott,hcollins@example.org,2021-04-24,NY
421,Anna Webster,ybrown@example.org,2020-06-18,MA
422,Frank Russell,robert21@example.org,2024-03-22,NY
423,Andrew Khan,parrishrobert@example.com,2021-09-27,NC
424,Andrew Myers,sarah65@example.net,2019-06-01,AZ
425,Jamie Roberts,moragregory@example.net,2024-08-16,CA
426,Sharon Garcia,christophercasey@example.org,2024-09-19,NJ
427,Kayla Hill,catherinecrawford@example.org,2022-06-10,NY
428,Michelle Jordan,thompsonrussell@example.com,2019-05-05,MA
429,Crystal Kirby,moodyalejandra@example.net,2024-08-16,CA
430,Rachael Taylor,margaret62@example.net,2020-10-25,NJ
431,Daniel Jordan,robertcain@example.org,2021-10-31,IL
432,Maureen Garner,davisphillip@example.net,2022-07-15,IL
433,Mandy Hancock,allencaroline@example.com,2019-11-23,CO
434,Jason Moses,irivera@example.net,2022-03-13,CA
435,Jessica Phillips,achang@example.com,2022-10-10,TX
436,John Stewart,johnjohnson@example.org,2021-01-02,NJ
437,Mr. Aaron Morgan MD,mooresarah@example.com,2020-06-23,GA
438,Shannon Harris,amberharmon@example.org,2019-09-01,VA
439,Joseph Murphy,sellersaaron@example.org,2023-06-25,VA
440,Brandon Green,cooperjose@example.net,2024-04-01,CA
441,Veronica Taylor,websterbarbara@example.org,2019-05-06,MA
442,Laurie Knight,seangarza@example.net,2020-05-12,FL
443,James Waters,uwilliams@example.net,2023-05-13,MA
444,Matthew Watts,lanevalerie@example.net,2024-05-23,CA
445,Stephanie Smith,howardtina@example.com,2020-06-16,MA
446,Jessica Turner,barryerickson@example.org,2021-10-26,MA
447,Donna Rodriguez,utran@example.com,2023-11-10,MA
448,Madison Baker DDS,michelle18@example.net,2019-09-16,FL
449,Andrew Sullivan,igarza@example.org,2024-04-21,CA
450,Jim Sloan,daniel58@example.org,2023-09-25,MA
451,Lauren Marshall,rebecca66@example.com,2021-06-14,NJ
452,Angela Sullivan,timothygraham@example.com,2021-05-12,NC
453,Margaret Fitzgerald,holdenangela@example.net,2022-03-28,MA
454,Dr. Bryan Scott DVM,sheila00@example.net,2021-11-10,TX
455,Sara Sandoval,joshua12@example.net,2024-11-09,MA
456,Nathan Short,browningbrandon@example.com,2024-10-17,MA
457,Douglas Gillespie,thoward@example.net,2020-02-16,MA
458,Dr. Scott Weaver Jr.,heather52@example.com,2019-06-29,FL
459,Mark Miller,qcook@example.net,2021-11-23,NY
460,Kevin Maxwell,patriciagriffin@example.org,2021-09-29,NJ
461,Keith Moore,jonathanturner@example.net,2019-09-26,FL
462,Thomas Arellano,dcooley@example.net,2020-07-22,IL
463,Tanya Avery,heidi94@example.org,2023-04-06,VA
464,Mary Boyd,chase87@example.com,2024-06-19,FL
465,Christopher Hernandez,rosepatricia@example.com,2021-12-23,MA
466,Frances Romero,akennedy@example.net,2023-02-13,MA
467,Jamie Young,audrey25@example.com,2021-10-06,WA
468,Susan Brewer,kgreen@example.net,2024-01-27,WA
469,Karen Diaz,ykim@example.net,2022-09-09,FL
470,Connie Hernandez,williamlane@example.net,2023-02-14,NC
471,Lisa Meyer,michele53@example.com,2022-05-21,NJ
472,Sarah Chan,drogers@example.net,2019-09-05,CA
473,Sean Jones,kristykelley@example.com,2024-04-24,MA
474,Amanda Eaton,kevin55@example.net,2022-11-03,CA
475,Mrs. Amanda Knox DDS,roynash@example.com,2019-07-09,PA
476,Lisa Dodson,angela93@example.org,2022-03-02,PA
477,Elizabeth Wilkinson,cruzeric@example.org,2023-10-06,MA
478,Harry Johnson,carl84@example.com,2020-07-24,MA
479,Jordan Cox,megan76@example.net,2023-03-14,CA
480,Rebecca Brown,pattersondenise@example.org,2020-08-09,PA
481,William Harris,wcruz@example.net,2020-09-20,VA
482,Amanda Ramirez,vincentpark@example.net,2023-12-04,WA
483,Aaron Rivers,william83@example.net,2019-02-23,MA
484,Brittany Mendoza,cowens@example.org,2021-12-14,MA
485,Gabrielle Sanchez,sandersmichelle@example.net,2023-06-06,NJ
486,Zachary Carroll,turnerheather@example.org,2023-04-14,CA
487,Stephanie Gates MD,igomez@example.com,2019-06-06,MA
488,Michelle Smith,dominguezbenjamin@example.org,2023-02-06,NC
489,Erica Dorsey,williamscharles@example.net,2023-03-16,MA
490,Renee Roberts,lparker@example.com,2022-07-18,NY
491,James Stone,kelleydavid@example.com,2024-04-18,PA
492,Angela Kramer,kimberly32@example.org,2023-06-13,TX
493,Ashley Rodriguez,lori23@example.net,2022-04-09,PA
494,Jamie Wong,rsmith@example.net,2021-06-13,MA
495,Dustin Bowen,csingh@example.net,2020-12-03,NY
496,Jennifer Delgado,jennifer50@example.net,2021-12-06,AZ
497,Shaun Hodges,michael15@example.net,2024-07-24,MA
498,Connor Patterson,juliefernandez@example.net,2024-04-13,NY
499,Robin Keith,nguyenkimberly@example.org,2020-04-19,CO
500,James Austin,moragregory@example.com,2023-07-14,MA
501,Michael Estrada,yjohnson@example.org,2021-02-14,IL
502,Diana Lane,vparks@example.com,2021-01-24,IL
503,Charles Moore,richmondjennifer@example.org,2022-08-31,MA
504,Bruce Dickerson,jessicabarrett@example.org,2019-10-02,CO
505,Anthony Cohen,estewart@example.com,2023-01-31,NJ
506,Troy Cole,victoriaklein@example.net,2021-03-06,MA
507,Erin Cochran,simmonsjoseph@example.org,2023-09-24,CO
508,Beth Salinas,shawnhamilton@example.com,2023-03-09,PA
509,Daniel Cole,egomez@example.org,2023-07-16,NY
510,Kenneth Miller,lucas93@example.net,2021-10-10,MA
511,Amy Gardner,allenjo@example.com,2022-10-18,NJ
512,Barbara Brooks,nicholas90@example.org,2022-08-26,FL
513,Sandra Crawford,bellmichelle@example.com,2021-12-21,IL
514,Brian Moran,nicholsoncatherine@example.org,2021-02-17,MA
515,Kenneth Shaw,angela81@example.net,2022-12-29,NY
516,Marcus Lee,elizabethhicks@example.com,2021-06-20,NJ
517,Anne Velazquez,lindalopez@example.net,2021-02-12,TX
518,Amy Allen,beasleyallen@example.com,2020-06-04,MA
519,Katherine Ortega,davidsellers@example.net,2021-06-18,MA
520,Patricia Benson,monicahughes@example.org,2021-04-17,CA
521,Kelly Luna,russellryan@example.com,2023-02-18,NY
522,Courtney Myers,lauren17@example.org,2019-10-20,CO
523,Rebekah Kelly,cherylmueller@example.net,2023-09-01,GA
524,Kimberly Pearson,jenniferflores@example.org,2023-05-21,MA
525,Joseph Jones,carrie90@example.org,2022-06-18,FL
526,Tiffany Moore,peggyflowers@example.net,2020-10-23,MA
527,Edward Johns,sancheznicolas@example.net,2022-05-24,VA
528,Michelle Welch,ryan01@example.com,2022-04-28,NY
529,William Weiss,perrycharles@example.com,2022-06-08,PA
530,Nicole Evans,barrdaniel@example.org,2024-01-21,GA
531,Madeline Horn,leebrittany@example.org,2022-10-08,GA
532,Brianna Moore,april42@example.net,2020-03-29,MA
533,Ian Webb,nelsonjade@example.com,2020-05-12,MA
534,Sarah Copeland,edwardsrachel@example.com,2024-08-01,NJ
535,Elizabeth Spencer,tyler04@example.net,2022-01-11,CA
536,Rebecca Thompson,idawson@example.com,2021-06-18,IL
537,Oscar Anderson,edward50@example.org,2019-05-20,CA
538,Cody Burton,peter00@example.org,2020-10-27,CA
539,Stephanie Orr,nhuerta@example.com,2020-07-02,TX
540,Natalie Mcdaniel,arellanowilliam@example.com,2021-11-12,MA
541,Laura Miller,kathleen58@example.net,2022-09-10,NY
542,Joseph Pierce,cody66@example.com,2024-08-06,CA
543,Jessica Rubio,acollins@example.org,2022-05-04,TX
544,Kent Jones,walkerthomas@example.org,2022-02-18,MA
545,Justin Hanson,amandaduran@example.net,2022-11-02,CA
546,Cynthia Foster,arichards@example.com,2021-10-30,NY
547,Leslie Dyer,delgadomark@example.com,2024-01-11,TX
548,Kevin Simpson,patriciaramirez@example.com,2021-09-09,PA
549,Mary Summers,jennifer55@example.com,2019-06-10,MA
550,Cathy Bradford,matthewholloway@example.net,2024-08-30,NC
551,Angela Ellis DDS,leahsimpson@example.org,2019-03-12,TX
552,Amy Hansen,rebeccalee@example.com,2021-04-29,MA
553,Kathleen Glover,jnguyen@example.com,2020-10-20,NY
554,Whitney Jones,yyu@example.org,2022-05-08,CA
555,Rachel Perry,fowlersummer@example.net,2024-04-12,TX
556,Joseph Schmidt,nortongregory@example.org,2019-03-01,MA
557,Jeremy Munoz,lambrodney@example.com,2021-08-28,PA
558,Charles Valenzuela,kfranklin@example.com,2021-07-13,MA
559,Anita Armstrong,brittney57@example.com,2021-09-04,MA
560,Nathan Wilson,mary02@example.org,2024-09-21,MA
561,Dorothy White,danieldiaz@example.org,2023-06-12,CA
562,Tina Wilson,hwilson@example.com,2020-06-04,MA
563,Chelsey Ross,bethbaker@example.org,2021-05-28,WA
564,Jeremy Ryan,fischerdanielle@example.org,2019-12-27,MA
565,Timothy Johnson,dukeluis@example.com,2022-11-25,GA
566,Crystal Jones,lawsonjake@example.com,2021-09-05,MA
567,Sarah Buchanan,garzatara@example.org,2022-03-13,MA
568,Rachel Long,mark82@example.com,2019-03-11,NC
569,Nicole Barnett,michaelaacevedo@example.org,2022-10-11,VA
570,Eric Miller,johnbeck@example.com,2020-03-24,GA
571,John Johnson,patricia78@example.com,2024-01-29,MA
572,Adam Bridges,barbara81@example.net,2022-10-12,MA
573,Madison Hernandez,spencer35@example.org,2019-05-09,TX
574,Jessica Williams,xanderson@example.org,2023-07-20,CA
575,Philip Brandt,burtonchad@example.com,2024-08-05,MA
576,Gina Bell,mark15@example.net,2023-01-03,MA
577,Andre Matthews,craigroberts@example.com,2024-01-15,CA
578,Krista Mendoza,monicalogan@example.org,2023-06-30,MA
579,Anne Parks,ricardo80@example.net,2024-01-21,TX
580,Kelly Alexander,patricia89@example.net,2022-07-03,CO
581,Jared Harrison,vcastaneda@example.net,2023-06-27,MA
582,Tracy Wilson,smithstephanie@example.net,2023-10-29,NJ
583,Ray Logan,robert04@example.net,2020-06-20,NY
584,Richard Davis,zwalker@example.net,2020-01-05,VA
585,Mr. Bradley Patterson,tfoster@example.net,2021-02-13,CO
586,John Scott,joseprice@example.com,2023-03-15,GA
587,Gerald Harris,emoss@example.net,2021-11-07,MA
588,Tonya Mitchell,jonathan17@example.net,2024-08-03,IL
589,Barbara Conner,loganmarie@example.net,2020-12-27,IL
590,Mr. Christopher Wilson,moralesdaniel@example.org,2023-05-30,CA
591,Eric Ward Jr.,elliskathryn@example.net,2022-09-15,MA
592,Casey Lewis,lhowell@example.com,2020-02-20,IL
593,Amy Mosley,rhopkins@example.com,2022-03-03,FL
594,Kimberly Willis MD,james21@example.com,2023-08-17,IL
595,Evan Patton,fmccoy@example.net,2020-01-15,IL
596,Tommy Simmons,omarshall@example.net,2019-01-20,TX
597,Sarah Brock,ghill@example.org,2020-08-12,MA
598,John Smith,danielhall@example.org,2021-01-29,GA
599,Kristen Blevins,smithtravis@example.net,2024-10-03,NC
600,Christina Elliott,ray10@example.net,2022-12-27,CA
601,Lauren Ramirez,courtneystewart@example.net,2024-06-09,NJ
602,Zachary Williams,dixonmark@example.net,2021-11-21,GA
603,Karina Cooper,qhanna@example.com,2023-12-13,CA
604,Bryan Shelton,rlewis@example.net,2024-05-29,CA
605,Mathew Brown,ortizrhonda@example.org,2024-07-17,FL
606,Eric Johnson,lopezjames@example.org,2020-01-15,IL
607,Patricia Ford,jakerussell@example.com,2020-11-12,CA
608,Michael Cooper,kristinemontgomery@example.net,2020-05-29,TX
609,Dustin Dickerson,georgeallison@example.com,2021-08-11,NC
610,Alison Sanders,danielle60@example.net,2021-11-06,MA
611,William Savage,mwatson@example.org,2019-10-04,PA
612,Scott Palmer,qnelson@example.com,2023-09-16,MA
613,James Schultz,millerfrank@example.org,2019-10-24,NY
614,Aaron Davis,andersonjulia@example.com,2020-11-01,WA
615,Tony Robbins,fmaynard@example.net,2019-06-22,CA
616,Steven Luna,anthonykane@example.net,2022-01-17,MA
617,Jasmine Sanchez,richard63@example.com,2022-12-01,MA
618,Dr. Felicia Miller DVM,devon72@example.com,2021-11-24,MA
619,Michael Henson,molly92@example.com,2024-09-19,CA
620,Elizabeth Hart,jodi34@example.com,2019-10-21,CA
621,Amy Terry,leematthew@example.net,2024-06-09,MA
622,John Krause,garciabrady@example.org,2024-12-29,FL
623,Angela Grant,tyu@example.org,2022-05-09,MA
624,Leslie Rogers,tharris@example.com,2024-10-02,MA
625,Stephanie Park,christinegreen@example.org,2022-06-11,CA
626,Edward Freeman,coopermarcus@example.org,2022-10-21,PA
627,Megan Williams,gutierrezdaniel@example.net,2020-09-04,MA
628,Willie Morris,gonzalezdaniel@example.com,2021-02-04,MA
629,Ronald Gill MD,ecrane@example.net,2021-11-17,IL
630,Kimberly Medina,nielsentiffany@example.com,2024-07-12,FL
631,Cheryl Wiggins,mejiadavid@example.org,2020-08-03,MA
632,Evan Garcia,vhensley@example.org,2020-09-26,AZ
633,Jessica Wells,shawngallegos@example.net,2020-11-14,MA
634,Gabriel Wu,diaztroy@example.org,2020-09-29,FL
635,Matthew Shaw,jessica99@example.net,2021-06-23,MA
636,Melissa Gonzalez,lshepard@example.org,2024-01-21,WA
637,David Scott,peter15@example.org,2020-06-11,MA
638,Michele Wilson,mark56@example.com,2022-03-19,FL
639,Michael Callahan DDS,vnelson@example.net,2021-06-17,NJ
640,Emily Smith,qramos@example.com,2022-06-05,TX
641,Angela Silva,rsmith@example.net,2020-09-08,MA
642,Angela French,vsutton@example.org,2019-06-08,MA
643,Kimberly Weaver,karenburke@example.org,2020-04-28,NY
644,Jacob Keller,adam35@example.net,2023-09-14,NY
645,Melanie Adams,helliott@example.com,2023-07-07,IL
646,Jessica Kirby,kevin09@example.net,2024-07-09,MA
647,Emily Roy,richardsbrian@example.org,2022-08-19,MA
648,Hayley Chapman,reginald14@example.net,2021-07-12,MA
649,Allison Foster,uholland@example.org,2020-08-07,NJ
650,Amber Goodman,jamie37@example.com,2022-07-21,MA
651,Ashley Wilson,knguyen@example.net,2024-02-18,NJ
652,Mary White,mcdonaldmelissa@example.com,2024-07-19,NY
653,Cindy Mahoney,vperkins@example.com,2023-10-31,NC
654,Shawn Turner,jennifer36@example.org,2022-11-26,FL
655,Steven Payne,daviesjeffery@example.com,2021-12-27,WA
656,Jeremiah Hayes MD,michael28@example.com,2022-09-06,MA
657,Nicole Bryan,stephen36@example.com,2020-07-18,VA
658,Antonio Reynolds,colleendean@example.org,2023-05-02,CA
659,Joseph Flores,kelleygail@example.com,2021-05-15,MA
660,Megan Humphrey,rachelharvey@example.com,2023-03-04,VA
661,Scott Myers,youngbrian@example.net,2020-11-16,MA
662,Barbara Tran,jennifer09@example.com,2023-08-09,TX
663,Jennifer Cunningham,villegaskirk@example.com,2022-11-10,MA
664,John Davis,sheena95@example.org,2021-07-17,CA
665,Matthew Calderon,tfields@example.com,2019-11-15,CA
666,Kenneth Cox,john55@example.com,2022-06-24,CA
667,Mark Fisher,christophernicholson@example.net,2019-03-19,NJ
668,Kelly Smith,katrina22@example.com,2022-05-09,MA
669,Alicia James,meganparker@example.net,2023-06-27,GA
670,Ricky Kramer,williamsgail@example.net,2023-01-14,MA
671,Candace Dawson,jeffrey44@example.org,2024-06-29,AZ
672,Sharon Moody,jacqueline57@example.org,2022-08-20,MA
673,Kristin Mcclure,melissa57@example.net,2019-10-26,FL
674,David Evans,vwells@example.com,2022-09-23,GA
675,Rebecca Martin,amanda37@example.org,2024-10-08,TX
676,Cody Patel,weaverkristina@example.org,2019-09-20,WA
677,Mrs. Alexa Robbins,kelly65@example.com,2024-06-25,MA
678,Laura Williamson,michelle53@example.net,2019-06-04,NC
679,Heather Acevedo,lopezdenise@example.com,2020-02-03,MA
680,John Cunningham,debralowe@example.net,2019-07-02,FL
681,Michael Perez,anaadkins@example.com,2022-04-29,WA
682,Tyler Hampton DDS,daniel61@example.org,2020-05-15,IL
683,Keith Lopez,donnamartinez@example.org,2022-03-16,IL
684,Adrian Hodge,ogonzalez@example.com,2019-03-29,NY
685,Patricia Torres,ashleycurtis@example.org,2019-11-08,CO
686,Stephanie Joseph DVM,allen31@example.net,2023-02-21,MA
687,Jennifer Andrews,joanmoore@example.com,2020-02-20,PA
688,Jessica Hernandez,banksrussell@example.net,2022-01-30,NJ
689,Brandon Webb,hailey11@example.org,2022-03-12,MA
690,Troy Jordan,xlambert@example.net,2024-05-13,NY
691,Gary Diaz,iharris@example.com,2020-11-14,CA
692,Sherry Williams,melissawright@example.net,2024-02-16,MA
693,Alicia Cole,hernandezveronica@example.com,2022-11-07,WA
694,Emily Shelton,kirbydylan@example.net,2024-04-14,VA
695,Amanda Smith,kayla07@example.org,2022-10-01,IL
696,Leslie Maynard,christian80@example.com,2022-09-25,MA
697,Kaitlyn Lewis,elizabeth41@example.com,2020-01-07,TX
698,Monique Lloyd,kevin85@example.org,2020-01-22,GA
699,Jonathan Patel,pyoung@example.net,2021-10-22,TX
700,Jeffery Fisher,melissa85@example.net,2024-03-15,GA
701,Victor Caldwell,brandon47@example.org,2022-12-25,NC
702,James Swanson,castillodaniel@example.com,2019-01-18,TX
703,Kathleen Long,mooneychristopher@example.com,2021-12-30,TX
704,Darlene Baker,lucerojason@example.org,2024-08-26,CA
705,Michael Lopez,ucamacho@example.net,2020-03-19,IL
706,Sean White,tbradford@example.net,2023-09-13,MA
707,Christopher Lee,russelldominique@example.org,2019-02-27,MA
708,Arthur Jackson,joannasmith@example.org,2019-02-10,MA
709,Stephen Dawson,browngary@example.org,2019-08-24,MA
710,Jeff Pratt,mariamartin@example.org,2022-05-08,MA
711,Carla Fisher,campbellchristine@example.org,2023-09-16,MA
712,Michael Goodwin,romerokaren@example.org,2024-08-16,MA
713,Matthew Golden,mlewis@example.org,2022-06-08,MA
714,Matthew Gardner,rpatel@example.com,2024-02-24,MA
715,Rita Ballard,lauramiranda@example.net,2020-09-22,TX
716,Brian Kelley,elijahromero@example.org,2024-04-29,WA
717,George Smith,browntina@example.com,2021-06-25,MA
718,Shelby Herrera,williamhanna@example.net,2024-11-23,IL
719,Ralph Kent,mcbridebrian@example.org,2021-02-03,VA
720,Brittney Romero,danielle85@example.com,2019-04-21,MA
721,Megan Carpenter,michael58@example.com,2020-03-14,NY
722,Monica Graves,matthewpotter@example.com,2021-07-06,NY
723,Olivia Koch,yharrington@example.net,2023-06-09,MA
724,Derek May,johnsonjoshua@example.org,2020-12-03,PA
725,Susan Meyer,amandagordon@example.com,2023-03-22,NJ
726,Marie Garcia,john23@example.com,2023-10-20,NY
727,Lisa Carney,xflores@example.com,2021-10-15,NY
728,Charles Marshall,dickersonrichard@example.net,2019-08-23,WA
729,Cindy Bennett,hsanchez@example.com,2021-12-30,MA
730,Daniel Romero,cory03@example.org,2023-10-24,VA
731,Frank Cabrera,brenda38@example.org,2020-02-06,NY
732,Vanessa Palmer,matthew43@example.net,2021-09-30,MA
733,Mrs. Morgan Castillo,lhernandez@example.net,2019-12-03,MA
734,Carolyn Thompson,michelle50@example.org,2022-10-29,NY
735,Beverly Bentley,hpearson@example.com,2023-09-04,MA
736,Bryan Long,lisa43@example.com,2019-10-23,NJ
737,Mark Ford,jaime84@example.net,2020-11-06,CA
738,John Navarro,tuckercynthia@example.org,2021-03-15,PA
739,Amber Nguyen,huangjohn@example.org,2024-07-25,NC
740,Justin Parker,andersondennis@example.net,2019-01-11,NJ
741,Debra Collins,sandra10@example.com,2019-07-28,MA
742,Mary Murray,uking@example.org,2020-04-22,MA
743,Heather Goodwin,gregorylawrence@example.com,2021-09-23,FL
744,Brandy Price,kenneth13@example.com,2023-07-21,NC
745,Eric Wilson,perezjohn@example.org,2024-03-21,TX
746,Mr. Cody Lester,latasha03@example.org,2022-08-21,CA
747,Amy Morales,danielle50@example.org,2023-10-03,NJ
748,Joshua King,kurtparker@example.org,2024-08-07,NY
749,Donald Lee,travis37@example.net,2019-09-15,NY
750,Angela Flores,richardsonkatherine@example.com,2023-03-20,NY
751,Amy Duncan,gerald33@example.com,2024-08-10,NC
752,Karen Beck,bortega@example.org,2019-06-05,FL
753,Austin Weber,catherinewilliamson@example.net,2024-04-16,MA
754,Kenneth Marshall MD,tiffanyleblanc@example.net,2020-07-06,FL
755,Erik Weaver,trogers@example.com,2019-01-10,CA
756,Aaron Stark,jamie69@example.com,2021-12-01,MA
757,Michelle Perez,megan60@example.net,2020-07-12,CA
758,Vicki Allen,brayvicki@example.com,2022-07-06,MA
759,Jessica Washington,dawngibson@example.org,2024-07-29,NC
760,James Orr,chapmanscott@example.org,2020-04-23,MA
761,Kevin Garcia,townsendhenry@example.com,2019-08-28,NY
762,Ashley Beard,jacksontracey@example.net,2019-10-25,MA
763,Stephanie Carter,williamrobinson@example.org,2022-10-08,MA
764,William Ward,johnholland@example.com,2023-11-14,TX
765,Robert Nielsen,lsullivan@example.com,2019-10-13,CA
766,Samuel Kim,andrewwhite@example.net,2019-11-22,FL
767,William James,robinsontyrone@example.net,2024-01-14,FL
768,Thomas Paul,fullermatthew@example.com,2024-01-07,FL
769,Jeremiah Morton,hroberts@example.com,2019-10-23,MA
770,Adam Dunn,wilsontheodore@example.org,2023-07-27,GA
771,Laurie Hunt,wayne86@example.com,2022-04-03,FL
772,John Davis,cynthia11@example.org,2023-10-12,MA
773,Paul Maxwell,rebeccagarner@example.net,2020-07-16,WA
774,Kurt Harper,erogers@example.net,2020-10-03,MA
775,David Henry,xvillarreal@example.org,2021-12-25,CA
776,Deborah Mendez,ryanallison@example.com,2021-11-15,FL
777,Betty Green,michealscott@example.com,2023-11-01,PA
778,Beth Simmons,jennifermora@example.org,2020-07-14,MA
779,Andrea Johns,gregoryharris@example.net,2020-12-11,MA
780,Larry Gonzalez,anthony01@example.org,2019-04-07,NY
781,John Miller,yroberts@example.net,2024-12-07,TX
782,Steven Glenn,mckinneytimothy@example.net,2019-11-29,CA
783,Andrea Frederick,taylor77@example.org,2019-01-04,TX
784,Krista Richardson,qrodriguez@example.com,2024-10-06,CO
785,Levi Campbell,wilsonjason@example.net,2024-11-19,MA
786,Nancy Irwin,alexander26@example.com,2021-07-10,CA
787,Victoria Dalton,michaelsmith@example.org,2020-04-25,NJ
788,Sandra Nelson,uriley@example.org,2024-11-06,WA
789,Meredith Hernandez,staciecampbell@example.com,2022-09-11,NC
790,Andrea Walker,travisfowler@example.com,2024-09-29,CA
791,Bruce Gibson,shannonriddle@example.net,2024-07-29,MA
792,Keith White,hendrixjohn@example.com,2020-08-09,FL
793,Clayton Roberts,tyler79@example.org,2020-10-26,NJ
794,Dr. James Armstrong,sblack@example.net,2021-04-10,NJ
795,April Krause,qrodriguez@example.net,2024-06-13,FL
796,Jacqueline Reynolds,sara03@example.com,2021-08-24,MA
797,Eric Berry,ecohen@example.org,2019-10-27,TX
798,Joe Warren,brandon39@example.net,2023-01-28,MA
799,Monica Perkins,iwaters@example.net,2024-05-04,MA
800,Kristina Hughes,qreyes@example.com,2020-05-09,MA
801,Anna Lynch,tracy42@example.com,2023-10-01,CA
802,David Bradford,angelicastevens@example.net,2024-05-23,CA
803,Christina Wood,qbauer@example.net,2021-06-25,NY
804,Wendy Lawson,cbrooks@example.org,2023-12-09,CA
805,Andrea Lee,jose32@example.com,2020-12-10,NY
806,Edward Fletcher,morrisalexander@example.net,2024-03-07,TX
807,Ryan Thompson,lyonsdeanna@example.net,2021-07-02,MA
808,John Cooper,jesse83@example.com,2021-10-04,NJ
809,Stephen Johnson,mckenziechris@example.net,2019-06-04,FL
810,Lance Smith,janderson@example.net,2019-01-11,NJ
811,Kenneth Bolton,michele30@example.org,2023-11-05,FL
812,Haley Cantrell,karenorozco@example.com,2019-03-17,NY
813,Omar Chambers,stephaniecollins@example.net,2020-04-26,WA
814,Phillip Ayers,stephaniebailey@example.com,2023-05-19,TX
815,Ryan Patel,rosemelanie@example.net,2024-12-22,MA
816,Ashley Miller,swansonangela@example.net,2023-07-28,VA
817,Gabriel Lewis,frodgers@example.org,2022-12-21,MA
818,Michelle Brewer,qbrown@example.org,2021-11-01,MA
819,Deborah Barnes,oneillalexander@example.org,2021-07-13,NJ
820,Bob Williams,lbradshaw@example.org,2022-03-09,CA
821,Kenneth Tate,isaiahjohnson@example.org,2023-01-06,MA
822,Kim Johnson,unorman@example.org,2020-09-09,PA
823,Amy Gutierrez,matthewhernandez@example.net,2019-05-06,NY
824,Jill Baker,qjones@example.com,2023-05-02,MA
825,Colleen Hamilton,khall@example.org,2019-11-09,MA
826,Lisa Warren,lbolton@example.com,2022-09-30,MA
827,Courtney Gould,elizabeth63@example.net,2019-08-26,MA
828,Stephanie Garcia,steven02@example.com,2024-08-15,IL
829,Nicholas Kramer,ddaniels@example.net,2022-06-18,MA
830,Christine Santos,kellie99@example.com,2023-06-14,MA
831,Paula Scott,loganbowman@example.com,2020-04-19,WA
832,Jon Rodriguez,charlesgreen@example.net,2020-11-10,NY
833,Mrs. Kristy Myers MD,anitapatrick@example.org,2023-06-15,NY
834,Jeffery Garner,yforbes@example.org,2022-12-27,VA
835,Jacob Moses,daisycollins@example.com,2021-07-11,TX
836,Marcus Orozco,wmarquez@example.com,2021-08-10,WA
837,Cassandra Patterson,michaelstokes@example.net,2024-01-02,CA
838,Stephanie Ingram,dlopez@example.org,2019-07-05,MA
839,Angelica Fuller,rowejonathan@example.com,2019-01-03,MA
840,Juan Torres,davidmeyers@example.net,2020-03-29,CA
841,Joseph Fernandez,greenjoy@example.org,2020-03-31,NY
842,Mr. Carl Anderson PhD,nathansavage@example.com,2020-11-29,MA
843,Sarah Martin,singhjennifer@example.org,2020-11-07,NY
844,Jennifer Dalton,courtneygutierrez@example.net,2024-07-19,NC
845,Charles Copeland,ogibbs@example.com,2023-01-08,IL
846,Mitchell Walker,jared26@example.net,2024-03-08,MA
847,Benjamin Wilson,lawrencecharles@example.org,2022-12-28,NY
848,Eric Ross,jeremycampbell@example.org,2023-06-26,FL
849,John Gutierrez,beverly81@example.net,2023-05-18,MA
850,Samuel Gray,bmills@example.net,2022-11-21,CO
851,Margaret Cole,timothycolon@example.com,2024-02-26,NJ
852,John Stevens,robinsontheresa@example.org,2019-01-01,NY
853,Miranda Rodriguez,scott92@example.com,2023-04-02,NY
854,Peggy Duncan,torrestammy@example.org,2023-03-17,FL
855,Joseph Smith,sharris@example.net,2024-12-13,CA
856,Ryan Wilson,mitchell99@example.org,2022-07-09,FL
857,Samuel Sanders,jtodd@example.com,2019-05-07,CA
858,Terry Hall,probinson@example.net,2024-07-22,CA
859,Courtney Cook,millerjennifer@example.net,2019-11-07,CA
860,Chloe Harrington,johnsonmatthew@example.com,2023-02-24,MA
861,Becky Doyle,moorevictor@example.net,2022-05-23,FL
862,Karen Howard,paigejohnson@example.net,2020-02-13,MA
863,Zoe Brooks,goodmanjoseph@example.com,2022-07-08,MA
864,Connie Velazquez,martin98@example.com,2024-08-21,MA
865,Susan Owens,jessica77@example.org,2023-07-27,IL
866,Angela Smith,hernandezanthony@example.net,2021-08-15,CA
867,Michael Dunn,brian93@example.org,2021-04-15,NY
868,Kyle Bautista,morganbrooks@example.org,2019-05-11,CA
869,Nancy Hutchinson,obrienmary@example.org,2022-08-03,FL
870,Theresa Everett,john27@example.net,2020-12-14,MA
871,Lindsey Leblanc,stephaniewilliams@example.org,2019-03-20,MA
872,Kimberly Martinez,timothyadams@example.org,2019-09-11,IL
873,Kathy Hernandez,dianeallen@example.net,2021-01-05,TX
874,Justin Stone,nguyenalexis@example.org,2023-03-14,MA
875,Noah Hughes V,jessecampbell@example.org,2021-11-30,MA
876,Bradley Smith,meyerkenneth@example.com,2019-10-02,MA
877,Michael Lewis,allencox@example.org,2024-11-02,NJ
878,Roger Rowe,jennifer22@example.net,2022-12-16,MA
879,Lindsay Gonzalez,timothygreen@example.com,2020-09-02,MA
880,Nichole Liu,mariagomez@example.com,2021-03-20,CA
881,Christopher Kim,katherine59@example.com,2020-06-30,CA
882,Bonnie Rice,michellepatton@example.net,2024-12-04,TX
883,Jasmine Cole,masonroberts@example.com,2024-08-16,CA
884,Michael Bruce,higginsrobert@example.com,2019-07-18,MA
885,Sierra Haley,amanda91@example.net,2020-07-03,CO
886,David Brooks,sosajessica@example.org,2021-05-26,IL
887,Christopher Lopez,lauriegoodman@example.org,2020-08-28,MA
888,Vickie Romero,triley@example.net,2024-12-16,NY
889,Brian Wright,davidballard@example.net,2021-04-05,MA
890,Samantha Hunt,shall@example.net,2024-11-14,AZ
891,Nicholas Williams,justingraham@example.com,2020-09-10,MA
892,Collin Rasmussen,aaronrios@example.net,2019-03-24,GA
893,Robert Aguilar,brooksdeborah@example.net,2020-09-04,MA
894,Mark Thomas,joann89@example.org,2024-05-27,MA
895,Rebecca Harris,edwardblanchard@example.com,2023-10-20,CA
896,Dennis Riley,vsmith@example.com,2024-03-18,CA
897,Jerry Combs,joshuacruz@example.com,2019-08-21,MA
898,Carl Hansen,amy48@example.org,2024-05-28,CA
899,Wesley Landry,christopher89@example.com,2022-04-04,CA
900,William Walker,donaldjackson@example.com,2019-02-13,MA
901,Robin Lang,nicole33@example.com,2022-01-08,FL
902,Margaret Lewis,brandy28@example.org,2020-04-04,TX
903,Michael Holmes,delgadorichard@example.org,2023-02-20,MA
904,Patrick Love,fitzpatrickveronica@example.net,2019-03-09,MA
905,Vicki Palmer,michaelmcclure@example.com,2021-08-26,MA
906,Thomas Horn,sherri17@example.net,2023-01-04,MA
907,Christina Murphy,vchavez@example.org,2024-09-30,NY
908,Abigail Rowe,dbennett@example.org,2024-04-11,TX
909,Megan Williams,jensencharles@example.com,2020-09-04,GA
910,Leroy Melendez,nwoods@example.org,2021-05-31,NJ
911,Faith Nichols,david42@example.org,2019-11-24,MA
912,John Lynch,jacob69@example.org,2021-12-03,MA
913,Janice Mcdaniel,kwells@example.com,2020-06-27,MA
914,Joseph Armstrong,zswanson@example.com,2024-03-08,MA
915,Paul Frey,richard39@example.com,2024-11-17,MA
916,Robert Bailey,stephenrubio@example.net,2021-09-26,NY
917,Renee Duncan,andrea34@example.org,2021-07-19,NC
918,Grace Blankenship,matthew21@example.net,2019-10-19,AZ
919,James Evans,sharierickson@example.org,2023-08-13,MA
920,Scott Young,thomas91@example.net,2021-08-07,MA
921,Vickie Coleman,becky03@example.com,2022-06-21,CA
922,Tammie Mccarty,jamesjames@example.org,2020-11-07,WA
923,Laura Miller,carmen53@example.net,2019-07-25,MA
924,Daniel Ryan,leethomas@example.com,2023-08-22,CA
925,Christy Moran,leslie30@example.org,2022-04-01,VA
926,Meghan Mason,wgross@example.com,2024-06-20,NJ
927,Mary Duncan,rmendoza@example.com,2019-01-10,MA
928,Richard Woods,kristintaylor@example.com,2022-10-29,NY
929,James Simpson,danabryant@example.org,2021-09-25,TX
930,Joseph Wilkinson,mccallterri@example.com,2024-03-31,MA
931,Stephanie Hancock MD,stacy70@example.org,2024-09-17,VA
932,Sara Gordon,walkerdonna@example.net,2023-04-26,TX
933,Jamie Lee MD,steven32@example.net,2024-11-23,CA
934,Patricia Lyons,fernandogoodman@example.com,2023-12-04,CA
935,William Martinez,michaelwilson@example.org,2024-07-16,MA
936,Barbara Nguyen,lturner@example.org,2024-07-28,PA
937,Michael Murphy,allisonmary@example.com,2023-08-06,MA
938,Jasmine Kennedy,nelsonsharon@example.org,2019-08-25,NY
939,Michael Rodriguez,hwagner@example.net,2019-12-07,TX
940,Michael Green,williamscharles@example.org,2022-04-02,FL
941,Michael Page,kschroeder@example.net,2022-08-28,NJ
942,Susan Keller,vrobinson@example.com,2020-06-29,MA
943,Natalie Smith,ilopez@example.org,2020-07-22,FL
944,Lisa Hart,santiagofrank@example.org,2021-09-05,MA
945,Chad Roberts,gabrielaarcher@example.net,2019-01-23,TX
946,Natalie Adams,manuel38@example.org,2023-03-28,IL
947,Stephanie Roth,michaelwatson@example.net,2022-06-10,CA
948,Adam Perez,rodriguezmichael@example.com,2020-09-10,TX
949,Danielle Harvey,laurawatts@example.com,2022-08-13,TX
950,Eileen Smith,lholden@example.com,2023-10-28,MA
951,Charles Mccoy,travisallen@example.org,2022-08-05,MA
952,Sarah Mejia,jparsons@example.org,2020-04-03,MA
953,Richard Hernandez,fpadilla@example.com,2024-11-29,TX
954,Joseph Long,davidwaller@example.org,2023-06-14,WA
955,James Callahan,gallaghertammy@example.org,2019-03-16,MA
956,Colton Lane,james50@example.com,2019-11-11,GA
957,Selena Martinez,bgarcia@example.org,2022-08-11,MA
958,Samantha Johnson,rhonda43@example.net,2023-08-03,CA
959,Pam Adams,mendozalaura@example.org,2019-11-26,WA
960,Brittany Ward,rhonda40@example.com,2022-04-05,MA
961,Heather Lopez,edwardsmary@example.org,2019-10-26,WA
962,Amy Dyer,lauren35@example.org,2023-12-07,MA
963,Michael Fox,reyesmary@example.net,2024-04-07,CA
964,David Miller,ryanthomas@example.org,2019-11-13,WA
965,Douglas Cooper,wernerrussell@example.com,2021-11-27,FL
966,Jason Macdonald MD,mduncan@example.net,2019-05-30,MA
967,Heidi Howard,kmcknight@example.com,2020-09-20,CA
968,Stacy Hill,jonathan57@example.com,2020-07-30,NY
969,Rachel Hutchinson,courtney86@example.com,2020-02-27,MA
970,Richard Smith,patricia29@example.org,2020-01-20,GA
971,Michael Burgess,kingcourtney@example.com,2021-04-09,MA
972,David Williams,meyeradam@example.net,2022-06-25,GA
973,Chelsea Castillo,hthompson@example.net,2024-10-30,IL
974,Jenny Wilson,kristenryan@example.org,2022-02-11,TX
975,William Stout,alexoneill@example.org,2022-02-17,CA
976,Eric Jensen,scox@example.org,2021-09-28,MA
977,Brian Cuevas,kharper@example.com,2022-03-04,NY
978,Ralph Rivera,rubiokristine@example.net,2021-10-10,NC
979,Ricky Garner,john05@example.org,2020-03-23,MA
980,Vincent Collins,reyeschristina@example.com,2024-02-12,NY
981,Dr. Vickie Rodriguez,torreskara@example.com,2021-01-17,NY
982,Dr. Erik Spencer,jray@example.net,2023-08-27,AZ
983,Rebecca Hensley,richard58@example.net,2021-06-24,TX
984,Richard Garcia,rhodesjeffrey@example.com,2020-06-27,NC
985,Nicholas Buchanan,ashley38@example.com,2024-03-08,IL
986,Jennifer Morgan,cheryl93@example.org,2020-06-30,CA
987,Erin Blair,jennifer36@example.net,2019-01-09,GA
988,Leonard Garner,katherine30@example.com,2021-10-09,MA
989,Debra Warner,ovaughan@example.com,2020-01-24,IL
990,Heather Vance,williamskimberly@example.com,2019-10-01,MA
991,Laura Young,pottsjacob@example.com,2019-11-30,MA
992,Anita Young,robert67@example.com,2019-08-20,MA
993,Anthony Chavez,tschroeder@example.org,2021-02-26,CA
994,Paul Tucker,cameronwilliams@example.com,2019-03-27,NJ
995,Sarah Mcgrath,michelle94@example.org,2019-07-25,NJ
996,Jason Cowan,donna33@example.com,2022-10-03,FL
997,Melissa Cole,renee82@example.net,2020-03-14,MA
998,Sara Suarez,wellsjulie@example.org,2021-02-21,MA
999,Diana Vaughn,stewartjeffery@example.com,2021-07-02,CA
1000,Carrie Davis,ryan84@example.org,2024-10-10,CA
1001,Elizabeth Price,charlene16@example.org,2020-05-13,NY
1002,Veronica Williams,christopher32@example.com,2019-05-09,FL
1003,Donna Green,solson@example.org,2023-08-11,MA
1004,Marcia Price,scantu@example.org,2019-09-11,GA
1005,Danielle Reed,stefanieramirez@example.org,2022-10-27,MA
1006,Brittany Rose DDS,mahoneyhoward@example.net,2023-06-22,VA
1007,Timothy Austin,avasquez@example.org,2020-05-12,MA
1008,Heather Harrell,wporter@example.org,2024-12-11,MA
1009,Alexis Bennett,anthonystafford@example.net,2019-02-19,NC
1010,Chad Watson,thomasjoseph@example.com,2022-04-29,MA
1011,Elizabeth Sanders,katherinehill@example.net,2022-01-07,CA
1012,Heather Barnes,benjamin96@example.org,2024-02-29,NJ
1013,Allen Wright,emma69@example.com,2020-12-24,MA
1014,Ashley Wilson,jasonhuffman@example.org,2019-07-08,NY
1015,Amanda Day,zmartinez@example.net,2020-11-21,VA
1016,Zachary Evans,tmorrison@example.com,2024-07-14,NY
1017,Jonathan Huynh,scarpenter@example.net,2023-01-01,MA
1018,Alexis Meyer,lindarodriguez@example.com,2022-01-11,MA
1019,George Mendoza,curtismitchell@example.com,2022-05-15,VA
1020,Douglas Green,jennifermarsh@example.com,2020-03-13,MA
1021,Michael Clark,johnsonmichael@example.net,2019-01-25,TX
1022,Peter Hicks,rogersrobert@example.net,2023-11-23,TX
1023,Joel Perez,destiny71@example.net,2020-06-26,IL
1024,Zachary Rich,justinkennedy@example.org,2019-06-13,FL
1025,Dana Coleman,steven43@example.com,2021-04-16,NY
1026,Leslie Zimmerman,karenlang@example.com,2021-10-23,NJ
1027,Lance Compton,williamsshawn@example.com,2024-05-05,IL
1028,William Wells,jenniferboyd@example.net,2024-01-28,MA
1029,Joseph Kim,teresagarcia@example.com,2023-01-27,MA
1030,Briana Campbell,xstanton@example.org,2023-12-05,FL
1031,Thomas Short,patelpaul@example.com,2021-01-03,NY
1032,Jeffery Morris,kbrewer@example.org,2020-12-20,FL
1033,William Reed,lesliemartin@example.com,2020-08-09,MA
1034,Erin Turner,zbaldwin@example.net,2022-06-18,CO
1035,Edward Howard,nicholasbrown@example.com,2024-10-08,FL
1036,James Buchanan,oowen@example.com,2019-01-31,CA
1037,Joshua Gray,jcollins@example.com,2021-04-14,MA
1038,John Hull,christopherpalmer@example.com,2019-12-07,MA
1039,John Mckay,nicholsonamber@example.com,2019-11-25,MA
1040,Brandon Burnett,leachcharles@example.org,2020-07-19,TX
1041,Marvin Potter,lopezjennifer@example.org,2021-01-29,CA
1042,Cameron Wong,phillipserica@example.com,2019-09-30,NJ
1043,Jacob Cox,hjackson@example.net,2020-04-30,MA
1044,Nicholas Rodriguez,michele89@example.org,2021-01-25,WA
1045,Pamela Novak,kristen95@example.net,2021-09-23,AZ
1046,Alicia Hayden,erinbartlett@example.com,2019-12-01,FL
1047,Jamie House,cclayton@example.net,2019-06-05,NJ
1048,Krista Rogers,awilliams@example.org,2022-09-22,MA
1049,Thomas Boyer,gsimmons@example.org,2020-11-24,CA
1050,Jo Hardin,longhaley@example.com,2022-07-31,CA
1051,Karl Nash,bgibbs@example.com,2019-06-29,CA
1052,David Miller,alvarezmichael@example.org,2020-12-01,AZ
1053,Tammy Hernandez,brandywatkins@example.org,2023-01-12,CA
1054,Melissa Blackwell,katherinekennedy@example.com,2022-09-21,NC
1055,Frank Hall,brenda05@example.org,2021-12-31,TX
1056,Melinda Hill,sarah91@example.net,2022-09-27,MA
1057,Cameron Mueller,zjenkins@example.com,2021-12-15,CA
1058,Gregory Lee,melissacampbell@example.org,2023-12-29,CA
1059,Hannah Choi,melindagarcia@example.com,2022-02-05,CA
1060,Annette Gutierrez,jeanne17@example.com,2023-02-24,NC
1061,James Smith,powersthomas@example.org,2019-01-26,FL
1062,Kari Washington,gjackson@example.net,2024-09-07,NY
1063,Luis Harris,catherine85@example.com,2022-03-30,FL
1064,Kristin Flores,arich@example.net,2020-01-25,MA
1065,Colleen Moody,wilsonstephanie@example.net,2019-07-25,MA
1066,Gregory Gray,jacksonlisa@example.net,2024-01-26,CA
1067,Mr. Sean Hodges,christina18@example.net,2024-09-25,WA
1068,Kathleen Riley,hernandezveronica@example.com,2021-07-23,NJ
1069,Kathryn Parker,awright@example.org,2022-09-29,MA
1070,April Montoya,shelbylong@example.org,2019-01-08,FL
1071,Kevin Ware,lthomas@example.com,2021-11-20,IL
1072,Christopher Thomas,montgomerysheila@example.com,2024-04-26,TX
1073,Nathan Massey,paynescott@example.net,2022-03-26,NC
1074,Andrew Henry,grimesbrianna@example.net,2022-03-08,MA
1075,Krystal Johnston,alan00@example.com,2024-01-19,MA
1076,Nathan Powell,cwalker@example.com,2023-08-16,CA
1077,Daniel Brady,chaveztoni@example.org,2022-11-21,MA
1078,Michael Chandler,rpreston@example.net,2021-03-10,WA
1079,Lisa Martin,martinjames@example.net,2021-11-11,CA
1080,Mark Johnson,christopherfoster@example.com,2024-07-29,TX
1081,Melanie Davis,qsullivan@example.com,2020-08-16,CA
1082,Jamie Clark,anthonygilbert@example.net,2022-11-03,NY
1083,Hannah Sullivan,bhanson@example.net,2024-03-25,CA
1084,Mandy Ramos,charles65@example.com,2021-08-06,IL
1085,Rebecca Mills,jfreeman@example.com,2023-07-11,VA
1086,Toni Walker,thuff@example.net,2021-06-02,CO
1087,Mark Ruiz,darleneevans@example.org,2019-03-04,NY
1088,Eileen Mayer,jamespatricia@example.com,2023-07-10,NY
1089,Alexis Chang,andrew87@example.org,2022-01-02,NY
1090,Louis Garcia,deborah06@example.com,2022-06-21,NC
1091,Diana Wood,lisazhang@example.org,2024-11-10,CA
1092,Michael Lopez,stephanie46@example.com,2023-06-04,MA
1093,Lisa Flores,perezjohn@example.net,2019-11-03,CA
1094,Ronald Johnson,justin89@example.net,2020-04-17,WA
1095,Mr. Ryan Vasquez,franceshaley@example.org,2019-02-23,MA
1096,Elizabeth Lee,ethanleach@example.net,2020-05-07,MA
1097,Jared Whitehead,brooke89@example.org,2021-07-31,FL
1098,Charles Page,sherripalmer@example.com,2023-04-22,FL
1099,Daniel Cooper,hcastillo@example.org,2023-08-21,CA
1100,Bryan Delacruz,zacharywebster@example.net,2024-02-15,NJ
1101,Ashley Rodriguez,jeffrey06@example.net,2024-05-28,WA
1102,Jack Johnson,joelgreene@example.org,2020-02-09,TX
1103,Michelle Mckenzie,fergusondonald@example.org,2023-04-16,VA
1104,Thomas Perkins,osmith@example.com,2023-03-21,MA
1105,Carol Pitts,psullivan@example.com,2022-12-18,CA
1106,Jamie Rogers,lisa71@example.org,2022-12-29,CA
1107,Alyssa Thomas,kristinewheeler@example.net,2020-09-10,MA
1108,Melissa Griffin,ellenallen@example.net,2024-03-23,NY
1109,Mr. Stanley Diaz DDS,angela58@example.org,2023-12-19,GA
1110,Allen Howard,caincynthia@example.org,2019-02-21,TX
1111,Dillon Lowe,ifowler@example.net,2023-10-27,MA
1112,Linda Hill,michelle76@example.com,2021-08-30,TX
1113,Jason Madden,daviscarla@example.com,2023-05-13,TX
1114,Erika Mitchell,susan54@example.org,2024-05-06,MA
1115,Kayla White,kanejonathan@example.net,2024-08-05,CA
1116,Monica Perry,vrollins@example.net,2019-07-26,MA
1117,Cynthia Rodriguez,jenningsjasmine@example.com,2019-12-28,CA
1118,Donna Lopez,fross@example.net,2019-10-15,TX
1119,Megan Elliott,morseterrence@example.net,2019-09-14,MA
1120,Carrie Steele,michelle45@example.org,2021-03-28,MA
1121,Keith Gonzales,jacoboconnor@example.com,2022-02-19,MA
1122,Phyllis Johnson,alvarezpatricia@example.net,2019-05-04,AZ
1123,Courtney Jackson,brian24@example.org,2022-07-27,MA
1124,Amy Wilson,ajohnson@example.org,2023-09-07,CA
1125,Marc Patterson,whitakerann@example.org,2022-05-23,MA
1126,Morgan Knight,jeffreysaunders@example.com,2021-01-31,CA
1127,Brad Wade,leonardthompson@example.net,2019-04-26,IL
1128,Cathy Crane,roger39@example.com,2021-04-26,VA
1129,James Rice,johnharris@example.net,2021-03-08,NY
1130,Jennifer Evans,nkhan@example.org,2022-09-22,GA
1131,Raymond Curtis,kristenbartlett@example.org,2023-11-23,MA
1132,Rebekah Wilkinson,crawfordjames@example.com,2022-11-24,TX
1133,Catherine Jenkins,marissaroberson@example.com,2019-07-12,MA
1134,Stephanie Garcia,samuel47@example.net,2024-11-03,MA
1135,Heather Green,davidli@example.org,2021-05-03,MA
1136,Mitchell Horton,rwagner@example.net,2021-05-11,MA
1137,Cassandra Woods,mbeltran@example.com,2021-08-31,FL
1138,Yolanda Snow,bakerkimberly@example.net,2019-04-01,MA
1139,Shane Jones,davidduncan@example.net,2022-12-22,TX
1140,Matthew Mathis,alvaradodanielle@example.com,2023-03-05,IL
1141,Brandon Rodriguez,john33@example.com,2021-03-30,MA
1142,Theresa Smith,edwardlong@example.com,2020-06-23,MA
1143,John Fisher,martinchristopher@example.com,2021-03-30,FL
1144,Shawn Anderson,jordanpeter@example.net,2019-05-05,FL
1145,Justin Russell,lisa16@example.com,2019-06-16,FL
1146,Cheryl Colon,moorejames@example.net,2019-06-14,MA
1147,Chloe Price,tina06@example.com,2023-07-31,IL
1148,Kelli Hess,icasey@example.org,2024-04-28,MA
1149,Elizabeth Fitzpatrick,daniel52@example.org,2019-07-01,MA
1150,Debra Wright,lpotter@example.net,2019-02-12,IL
